jurisdiction,effectiveFrom,effectiveTo,min,max,rate,basicPersonalAmount
AB,2022-01-01,2023-01-01,0,134238,10,19814
AB,2022-01-01,2023-01-01,134238,161086,12,19814
AB,2022-01-01,2023-01-01,161086,214781,13,19814
AB,2022-01-01,2023-01-01,214781,322171,14,19814
AB,2022-01-01,2023-01-01,322171,,15,19814
AB,2023-01-01,2024-01-01,0,142292,10,21003
AB,2023-01-01,2024-01-01,142292,170751,12,21003
AB,2023-01-01,2024-01-01,170751,227668,13,21003
AB,2023-01-01,2024-01-01,227668,341502,14,21003
AB,2023-01-01,2024-01-01,341502,,15,21003
AB,2024-01-01,2025-01-01,0,148269,10,21885
AB,2024-01-01,2025-01-01,148269,177922,12,21885
AB,2024-01-01,2025-01-01,177922,237230,13,21885
AB,2024-01-01,2025-01-01,237230,355845,14,21885
AB,2024-01-01,2025-01-01,355845,,15,21885
AB,2025-01-01,2026-01-01,0,60000,8,22323
AB,2025-01-01,2026-01-01,60000,151234,10,22323
AB,2025-01-01,2026-01-01,151234,181481,12,22323
AB,2025-01-01,2026-01-01,181481,241974,13,22323
AB,2025-01-01,2026-01-01,241974,362961,14,22323
AB,2025-01-01,2026-01-01,362961,,15,22323
AB,2026-01-01,,0,61200,8,22769
AB,2026-01-01,,61200,154259,10,22769
AB,2026-01-01,,154259,185111,12,22769
AB,2026-01-01,,185111,246813,13,22769
AB,2026-01-01,,246813,370220,14,22769
AB,2026-01-01,,370220,,15,22769
BC,2022-01-01,2023-01-01,0,43070,5.06,11302
BC,2022-01-01,2023-01-01,43070,86141,7.7,11302
BC,2022-01-01,2023-01-01,86141,98901,10.5,11302
BC,2022-01-01,2023-01-01,98901,120094,12.29,11302
BC,2022-01-01,2023-01-01,120094,162832,14.7,11302
BC,2022-01-01,2023-01-01,162832,227091,16.8,11302
BC,2022-01-01,2023-01-01,227091,,20.5,11302
BC,2023-01-01,2024-01-01,0,45654,5.06,11981
BC,2023-01-01,2024-01-01,45654,91310,7.7,11981
BC,2023-01-01,2024-01-01,91310,104835,10.5,11981
BC,2023-01-01,2024-01-01,104835,127299,12.29,11981
BC,2023-01-01,2024-01-01,127299,172602,14.7,11981
BC,2023-01-01,2024-01-01,172602,240716,16.8,11981
BC,2023-01-01,2024-01-01,240716,,20.5,11981
BC,2024-01-01,2025-01-01,0,47937,5.06,12580
BC,2024-01-01,2025-01-01,47937,95875,7.7,12580
BC,2024-01-01,2025-01-01,95875,110076,10.5,12580
BC,2024-01-01,2025-01-01,110076,133664,12.29,12580
BC,2024-01-01,2025-01-01,133664,181232,14.7,12580
BC,2024-01-01,2025-01-01,181232,252752,16.8,12580
BC,2024-01-01,2025-01-01,252752,,20.5,12580
BC,2025-01-01,2026-01-01,0,49279,5.06,12932
BC,2025-01-01,2026-01-01,49279,98560,7.7,12932
BC,2025-01-01,2026-01-01,98560,113158,10.5,12932
BC,2025-01-01,2026-01-01,113158,137407,12.29,12932
BC,2025-01-01,2026-01-01,137407,186306,14.7,12932
BC,2025-01-01,2026-01-01,186306,259829,16.8,12932
BC,2025-01-01,2026-01-01,259829,,20.5,12932
BC,2026-01-01,,0,50363,5.6,13216
BC,2026-01-01,,50363,100728,7.7,13216
BC,2026-01-01,,100728,115648,10.5,13216
BC,2026-01-01,,115648,140430,12.29,13216
BC,2026-01-01,,140430,190405,14.7,13216
BC,2026-01-01,,190405,265545,16.8,13216
BC,2026-01-01,,265545,,20.5,13216
FEDERAL,2022-01-01,2023-01-01,0,50197,15,14398
FEDERAL,2022-01-01,2023-01-01,50197,100392,20.5,14398
FEDERAL,2022-01-01,2023-01-01,100392,155625,26,14398
FEDERAL,2022-01-01,2023-01-01,155625,221708,29,14398
FEDERAL,2022-01-01,2023-01-01,221708,,33,14398
FEDERAL,2023-01-01,2024-01-01,0,53359,15,15000
FEDERAL,2023-01-01,2024-01-01,53359,106717,20.5,15000
FEDERAL,2023-01-01,2024-01-01,106717,165430,26,15000
FEDERAL,2023-01-01,2024-01-01,165430,235675,29,15000
FEDERAL,2023-01-01,2024-01-01,235675,,33,15000
FEDERAL,2024-01-01,2025-01-01,0,55867,15,15705
FEDERAL,2024-01-01,2025-01-01,55867,111733,20.5,15705
FEDERAL,2024-01-01,2025-01-01,111733,173205,26,15705
FEDERAL,2024-01-01,2025-01-01,173205,246752,29,15705
FEDERAL,2024-01-01,2025-01-01,246752,,33,15705
FEDERAL,2025-01-01,2026-01-01,0,57375,14.5,16129
FEDERAL,2025-01-01,2026-01-01,57375,114750,20.5,16129
FEDERAL,2025-01-01,2026-01-01,114750,177882,26,16129
FEDERAL,2025-01-01,2026-01-01,177882,253414,29,16129
FEDERAL,2025-01-01,2026-01-01,253414,,33,16129
FEDERAL,2026-01-01,,0,58523,14,16452
FEDERAL,2026-01-01,,58523,117045,20.5,16452
FEDERAL,2026-01-01,,117045,181440,26,16452
FEDERAL,2026-01-01,,181440,258482,29,16452
FEDERAL,2026-01-01,,258482,,33,16452
MB,2022-01-01,2023-01-01,0,34431,10.8,10145
MB,2022-01-01,2023-01-01,34431,74416,12.75,10145
MB,2022-01-01,2023-01-01,74416,,17.4,10145
MB,2023-01-01,2024-01-01,0,36842,10.8,15000
MB,2023-01-01,2024-01-01,36842,79625,12.75,15000
MB,2023-01-01,2024-01-01,79625,,17.4,15000
MB,2024-01-01,2025-01-01,0,47000,10.8,15780
MB,2024-01-01,2025-01-01,47000,100000,12.75,15780
MB,2024-01-01,2025-01-01,100000,,17.4,15780
MB,2025-01-01,2026-01-01,0,47564,10.8,15780
MB,2025-01-01,2026-01-01,47564,101200,12.75,15780
MB,2025-01-01,2026-01-01,101200,,17.4,15780
MB,2026-01-01,,0,47564,10.8,15780
MB,2026-01-01,,47564,101200,12.75,15780
MB,2026-01-01,,101200,,17.4,15780
NB,2022-01-01,2023-01-01,0,44887,9.4,11720
NB,2022-01-01,2023-01-01,44887,89775,14.82,11720
NB,2022-01-01,2023-01-01,89775,145955,16.52,11720
NB,2022-01-01,2023-01-01,145955,166280,17.84,11720
NB,2022-01-01,2023-01-01,166280,,20.3,11720
NB,2023-01-01,2024-01-01,0,47715,9.4,12458
NB,2023-01-01,2024-01-01,47715,95431,14,12458
NB,2023-01-01,2024-01-01,95431,176756,16,12458
NB,2023-01-01,2024-01-01,176756,,19.5,12458
NB,2024-01-01,2025-01-01,0,49958,9.4,13044
NB,2024-01-01,2025-01-01,49958,99916,14,13044
NB,2024-01-01,2025-01-01,99916,185064,16,13044
NB,2024-01-01,2025-01-01,185064,,19.5,13044
NB,2025-01-01,2026-01-01,0,51306,9.4,13396
NB,2025-01-01,2026-01-01,51306,102614,14,13396
NB,2025-01-01,2026-01-01,102614,190060,16,13396
NB,2025-01-01,2026-01-01,190060,,19.5,13396
NB,2026-01-01,,0,52333,9.4,13664
NB,2026-01-01,,52333,104666,14,13664
NB,2026-01-01,,104666,193861,16,13664
NB,2026-01-01,,193861,,19.5,13664
NL,2022-01-01,2023-01-01,0,39147,8.7,9803
NL,2022-01-01,2023-01-01,39147,78294,14.5,9803
NL,2022-01-01,2023-01-01,78294,139780,15.8,9803
NL,2022-01-01,2023-01-01,139780,195693,17.8,9803
NL,2022-01-01,2023-01-01,195693,250000,19.8,9803
NL,2022-01-01,2023-01-01,250000,500000,20.8,9803
NL,2022-01-01,2023-01-01,500000,1000000,21.3,9803
NL,2022-01-01,2023-01-01,1000000,,21.8,9803
NL,2023-01-01,2024-01-01,0,41457,8.7,10382
NL,2023-01-01,2024-01-01,41457,82913,14.5,10382
NL,2023-01-01,2024-01-01,82913,148027,15.8,10382
NL,2023-01-01,2024-01-01,148027,207239,17.8,10382
NL,2023-01-01,2024-01-01,207239,264750,19.8,10382
NL,2023-01-01,2024-01-01,264750,529500,20.8,10382
NL,2023-01-01,2024-01-01,529500,1059000,21.3,10382
NL,2023-01-01,2024-01-01,1059000,,21.8,10382
NL,2024-01-01,2025-01-01,0,43198,8.7,10818
NL,2024-01-01,2025-01-01,43198,86395,14.5,10818
NL,2024-01-01,2025-01-01,86395,154244,15.8,10818
NL,2024-01-01,2025-01-01,154244,215943,17.8,10818
NL,2024-01-01,2025-01-01,215943,275870,19.8,10818
NL,2024-01-01,2025-01-01,275870,551739,20.8,10818
NL,2024-01-01,2025-01-01,551739,1103478,21.3,10818
NL,2024-01-01,2025-01-01,1103478,,21.8,10818
NL,2025-01-01,2026-01-01,0,44192,8.7,11067
NL,2025-01-01,2026-01-01,44192,88382,14.5,11067
NL,2025-01-01,2026-01-01,88382,157792,15.8,11067
NL,2025-01-01,2026-01-01,157792,220910,17.8,11067
NL,2025-01-01,2026-01-01,220910,282214,19.8,11067
NL,2025-01-01,2026-01-01,282214,564429,20.8,11067
NL,2025-01-01,2026-01-01,564429,1128858,21.3,11067
NL,2025-01-01,2026-01-01,1128858,,21.8,11067
NL,2026-01-01,,0,44678,8.7,11188
NL,2026-01-01,,44678,89354,14.5,11188
NL,2026-01-01,,89354,159528,15.8,11188
NL,2026-01-01,,159528,223340,17.8,11188
NL,2026-01-01,,223340,285319,19.8,11188
NL,2026-01-01,,285319,570638,20.8,11188
NL,2026-01-01,,570638,1141275,21.3,11188
NL,2026-01-01,,1141275,,21.8,11188
NS,2022-01-01,2023-01-01,0,29590,8.79,8481
NS,2022-01-01,2023-01-01,29590,59180,14.95,8481
NS,2022-01-01,2023-01-01,59180,93000,16.67,8481
NS,2022-01-01,2023-01-01,93000,150000,17.5,8481
NS,2022-01-01,2023-01-01,150000,,21,8481
NS,2023-01-01,2024-01-01,0,29590,8.79,8481
NS,2023-01-01,2024-01-01,29590,59180,14.95,8481
NS,2023-01-01,2024-01-01,59180,93000,16.67,8481
NS,2023-01-01,2024-01-01,93000,150000,17.5,8481
NS,2023-01-01,2024-01-01,150000,,21,8481
NS,2024-01-01,2025-01-01,0,29590,8.79,8481
NS,2024-01-01,2025-01-01,29590,59180,14.95,8481
NS,2024-01-01,2025-01-01,59180,93000,16.67,8481
NS,2024-01-01,2025-01-01,93000,150000,17.5,8481
NS,2024-01-01,2025-01-01,150000,,21,8481
NS,2025-01-01,2026-01-01,0,30507,8.79,11744
NS,2025-01-01,2026-01-01,30507,61015,14.95,11744
NS,2025-01-01,2026-01-01,61015,95883,16.67,11744
NS,2025-01-01,2026-01-01,95883,154650,17.5,11744
NS,2025-01-01,2026-01-01,154650,,21,11744
NS,2026-01-01,,0,30995,8.79,11932
NS,2026-01-01,,30995,61991,14.95,11932
NS,2026-01-01,,61991,97417,16.67,11932
NS,2026-01-01,,97417,157124,17.5,11932
NS,2026-01-01,,157124,,21,11932
NT,2022-01-01,2023-01-01,0,45462,5.9,15609
NT,2022-01-01,2023-01-01,45462,90927,8.6,15609
NT,2022-01-01,2023-01-01,90927,147826,12.2,15609
NT,2022-01-01,2023-01-01,147826,,14.05,15609
NT,2023-01-01,2024-01-01,0,48326,5.9,16593
NT,2023-01-01,2024-01-01,48326,96655,8.6,16593
NT,2023-01-01,2024-01-01,96655,157139,12.2,16593
NT,2023-01-01,2024-01-01,157139,,14.05,16593
NT,2024-01-01,2025-01-01,0,50597,5.9,17373
NT,2024-01-01,2025-01-01,50597,101198,8.6,17373
NT,2024-01-01,2025-01-01,101198,164525,12.2,17373
NT,2024-01-01,2025-01-01,164525,,14.05,17373
NT,2025-01-01,2026-01-01,0,51964,5.9,17842
NT,2025-01-01,2026-01-01,51964,103930,8.6,17842
NT,2025-01-01,2026-01-01,103930,168967,12.2,17842
NT,2025-01-01,2026-01-01,168967,,14.05,17842
NT,2026-01-01,,0,53003,5.9,18198
NT,2026-01-01,,53003,106009,8.6,18198
NT,2026-01-01,,106009,172346,12.2,18198
NT,2026-01-01,,172346,,14.05,18198
NU,2022-01-01,2023-01-01,0,47862,4,16862
NU,2022-01-01,2023-01-01,47862,95724,7,16862
NU,2022-01-01,2023-01-01,95724,155625,9,16862
NU,2022-01-01,2023-01-01,155625,,11.5,16862
NU,2023-01-01,2024-01-01,0,50877,4,17925
NU,2023-01-01,2024-01-01,50877,101754,7,17925
NU,2023-01-01,2024-01-01,101754,165429,9,17925
NU,2023-01-01,2024-01-01,165429,,11.5,17925
NU,2024-01-01,2025-01-01,0,53268,4,18767
NU,2024-01-01,2025-01-01,53268,106537,7,18767
NU,2024-01-01,2025-01-01,106537,173205,9,18767
NU,2024-01-01,2025-01-01,173205,,11.5,18767
NU,2025-01-01,2026-01-01,0,54707,4,19274
NU,2025-01-01,2026-01-01,54707,109413,7,19274
NU,2025-01-01,2026-01-01,109413,177881,9,19274
NU,2025-01-01,2026-01-01,177881,,11.5,19274
NU,2026-01-01,,0,55801,4,19659
NU,2026-01-01,,55801,111602,7,19659
NU,2026-01-01,,111602,181439,9,19659
NU,2026-01-01,,181439,,11.5,19659
ON,2022-01-01,2023-01-01,0,46226,5.05,11141
ON,2022-01-01,2023-01-01,46226,92454,9.15,11141
ON,2022-01-01,2023-01-01,92454,150000,11.16,11141
ON,2022-01-01,2023-01-01,150000,220000,12.16,11141
ON,2022-01-01,2023-01-01,220000,,13.16,11141
ON,2023-01-01,2024-01-01,0,49231,5.05,11865
ON,2023-01-01,2024-01-01,49231,98463,9.15,11865
ON,2023-01-01,2024-01-01,98463,150000,11.16,11865
ON,2023-01-01,2024-01-01,150000,220000,12.16,11865
ON,2023-01-01,2024-01-01,220000,,13.16,11865
ON,2024-01-01,2025-01-01,0,51446,5.05,12399
ON,2024-01-01,2025-01-01,51446,102894,9.15,12399
ON,2024-01-01,2025-01-01,102894,150000,11.16,12399
ON,2024-01-01,2025-01-01,150000,220000,12.16,12399
ON,2024-01-01,2025-01-01,220000,,13.16,12399
ON,2025-01-01,2026-01-01,0,52886,5.05,12747
ON,2025-01-01,2026-01-01,52886,105775,9.15,12747
ON,2025-01-01,2026-01-01,105775,150000,11.16,12747
ON,2025-01-01,2026-01-01,150000,220000,12.16,12747
ON,2025-01-01,2026-01-01,220000,,13.16,12747
ON,2026-01-01,,0,53891,5.05,12989
ON,2026-01-01,,53891,107785,9.15,12989
ON,2026-01-01,,107785,150000,11.16,12989
ON,2026-01-01,,150000,220000,12.16,12989
ON,2026-01-01,,220000,,13.16,12989
PE,2022-01-01,2023-01-01,0,31984,9.8,11250
PE,2022-01-01,2023-01-01,31984,63969,13.8,11250
PE,2022-01-01,2023-01-01,63969,,16.7,11250
PE,2023-01-01,2024-01-01,0,31984,9.8,12750
PE,2023-01-01,2024-01-01,31984,63969,13.8,12750
PE,2023-01-01,2024-01-01,63969,,16.7,12750
PE,2024-01-01,2025-01-01,0,32656,9.65,13500
PE,2024-01-01,2025-01-01,32656,64313,13.63,13500
PE,2024-01-01,2025-01-01,64313,105000,16.65,13500
PE,2024-01-01,2025-01-01,105000,140000,18,13500
PE,2024-01-01,2025-01-01,140000,,18.75,13500
PE,2025-01-01,2026-01-01,0,33328,9.5,14650
PE,2025-01-01,2026-01-01,33328,64656,13.47,14650
PE,2025-01-01,2026-01-01,64656,105000,16.6,14650
PE,2025-01-01,2026-01-01,105000,140000,17.62,14650
PE,2025-01-01,2026-01-01,140000,,19,14650
PE,2026-01-01,,0,33928,9.5,15000
PE,2026-01-01,,33928,65820,13.47,15000
PE,2026-01-01,,65820,106890,16.6,15000
PE,2026-01-01,,106890,142520,17.62,15000
PE,2026-01-01,,142520,200000,19,15000
PE,2026-01-01,,200000,,20,15000
QC,2022-01-01,2023-01-01,0,46295,15,16143
QC,2022-01-01,2023-01-01,46295,92580,20,16143
QC,2022-01-01,2023-01-01,92580,112655,24,16143
QC,2022-01-01,2023-01-01,112655,,25.75,16143
QC,2023-01-01,2024-01-01,0,49275,14,17183
QC,2023-01-01,2024-01-01,49275,98540,19,17183
QC,2023-01-01,2024-01-01,98540,119910,24,17183
QC,2023-01-01,2024-01-01,119910,,25.75,17183
QC,2024-01-01,2025-01-01,0,51780,14,18056
QC,2024-01-01,2025-01-01,51780,103545,19,18056
QC,2024-01-01,2025-01-01,103545,126000,24,18056
QC,2024-01-01,2025-01-01,126000,,25.75,18056
QC,2025-01-01,2026-01-01,0,53255,14,18571
QC,2025-01-01,2026-01-01,53255,106495,19,18571
QC,2025-01-01,2026-01-01,106495,129590,24,18571
QC,2025-01-01,2026-01-01,129590,,25.75,18571
QC,2026-01-01,,0,54345,14,18952
QC,2026-01-01,,54345,108680,19,18952
QC,2026-01-01,,108680,132245,24,18952
QC,2026-01-01,,132245,,25.75,18952
SK,2022-01-01,2023-01-01,0,46773,10.5,16615
SK,2022-01-01,2023-01-01,46773,133638,12.5,16615
SK,2022-01-01,2023-01-01,133638,,14.5,16615
SK,2023-01-01,2024-01-01,0,49720,10.5,17661
SK,2023-01-01,2024-01-01,49720,142058,12.5,17661
SK,2023-01-01,2024-01-01,142058,,14.5,17661
SK,2024-01-01,2025-01-01,0,52057,10.5,18491
SK,2024-01-01,2025-01-01,52057,148734,12.5,18491
SK,2024-01-01,2025-01-01,148734,,14.5,18491
SK,2025-01-01,2026-01-01,0,53463,10.5,19491
SK,2025-01-01,2026-01-01,53463,152750,12.5,19491
SK,2025-01-01,2026-01-01,152750,,14.5,19491
SK,2026-01-01,,0,54532,10.5,20381
SK,2026-01-01,,54532,155805,12.5,20381
SK,2026-01-01,,155805,,14.5,20381
YT,2022-01-01,2023-01-01,0,50197,6.4,14398
YT,2022-01-01,2023-01-01,50197,100392,9,14398
YT,2022-01-01,2023-01-01,100392,155625,10.9,14398
YT,2022-01-01,2023-01-01,155625,500000,12.8,14398
YT,2022-01-01,2023-01-01,500000,,15,14398
YT,2023-01-01,2024-01-01,0,53359,6.4,15000
YT,2023-01-01,2024-01-01,53359,106717,9,15000
YT,2023-01-01,2024-01-01,106717,165430,10.9,15000
YT,2023-01-01,2024-01-01,165430,500000,12.8,15000
YT,2023-01-01,2024-01-01,500000,,15,15000
YT,2024-01-01,2025-01-01,0,55867,6.4,15705
YT,2024-01-01,2025-01-01,55867,111733,9,15705
YT,2024-01-01,2025-01-01,111733,173205,10.9,15705
YT,2024-01-01,2025-01-01,173205,500000,12.8,15705
YT,2024-01-01,2025-01-01,500000,,15,15705
YT,2025-01-01,2026-01-01,0,57375,6.4,16129
YT,2025-01-01,2026-01-01,57375,114750,9,16129
YT,2025-01-01,2026-01-01,114750,177882,10.9,16129
YT,2025-01-01,2026-01-01,177882,500000,12.8,16129
YT,2025-01-01,2026-01-01,500000,,15,16129
YT,2026-01-01,,0,58523,6.4,16452
YT,2026-01-01,,58523,117045,9,16452
YT,2026-01-01,,117045,181440,10.9,16452
YT,2026-01-01,,181440,500000,12.8,16452
YT,2026-01-01,,500000,,15,16452
